prompt_index,prompt,rank,event_id,title,category,date,start_time,venue,neighborhood,why
1,"I want to watch a movie outdoors tonight",1,142d640b-38fe-e9f6-9739-a72f29f0d4c5,"Inception (Rooftop Cinema)","Film & cinema",2026-07-26,19:30,"Rooftop Cinema Club Midtown","Midtown (West 37th St)","Direct match: an open-air rooftop screening of Inception tonight."
1,"I want to watch a movie outdoors tonight",2,2b23d490-edd1-4a4f-2e00-ce70dc60689a,"Movies Under the Stars: The Bad Guys 2 (2025)","Movies Under the Stars",2026-07-26,20:45,"Evergreen Park","Evergreen (Brooklyn; Evergreen Park)","Exact match: free Movies Under the Stars family-friendly outdoor screening tonight."
1,"I want to watch a movie outdoors tonight",3,c684d95d-b726-2b01-8a46-f9a0e20f2035,"Obsession (Rooftop Cinema)","Film & cinema",2026-07-26,22:45,"Rooftop Cinema Club Midtown","Astoria (Queens)","Series of film screenings starting tomorrow through August — choice if you prefer an indoor cinema experience near Astoria."
1,"I want to watch a movie outdoors tonight",4,4a641acd-3948-b9dc-28ba-0800ddfdea5d,"Reel Talks at Bryant Park: Conversation on Eric Rohmer","Accessible Activities",2026-07-27,12:30,"Bryant Park","Bryant Park / Midtown","Bryant Park Movie Nights (outdoor lawn) — next screening Tue 7/27: The Truman Show, classic outdoor movie vibe."
1,"I want to watch a movie outdoors tonight",5,35e42701-0e60-7c96-f2ae-df55a809efdd,"Bryant Park Movie Nights","Free Summer Movies",2026-07-27,17:00,"Bryant Park","Bryant Park / Midtown","Bryant Park Movie Nights entry for 7/27 (outdoor screening) — another classic open-air option."
1,"I want to watch a movie outdoors tonight",6,46240cc1-8f8c-3aff-157c-2553cbb7b95b,"The Sandlot (Rooftop Cinema)","Film & cinema",2026-07-27,17:00,"Rooftop Cinema Club Midtown","Midtown (West 37th St)","Open-air rooftop screening of The Sandlot on 7/27 — fits your outdoor movie request."
1,"I want to watch a movie outdoors tonight",7,22e6532a-691f-c082-4cc4-3592783aee62,"Mamma Mia! (Rooftop Cinema)","Film & cinema",2026-07-27,19:45,"Rooftop Cinema Club Midtown","Midtown (West 37th St)","Rooftop open-air screening of Mamma Mia! on 7/27 — another outdoor movie option."
1,"I want to watch a movie outdoors tonight",8,a91c0b37-35eb-4591-fe64-23c39b471965,"The Notebook (Rooftop Cinema)","Film & cinema",2026-07-27,22:20,"Rooftop Cinema Club Midtown","Midtown (West 37th St)","Rooftop Cinema Club screening of The Notebook on 7/27 — outdoor film for a later-night vibe."
1,"I want to watch a movie outdoors tonight",9,6483e074-b3f5-4f37-7844-6ed1ca8330d6,"Brooklyn Bridge Park Movies With A View presented by Persol","Free Summer Movies",2026-07-30,18:00,"Brooklyn Bridge Park","DUMBO / Brooklyn Bridge Park (Brooklyn)","Brooklyn Bridge Park's Movies With A View — Clueless on 7/30, a classic outdoor screening with skyline views."
2,"I'm looking for yoga or meditation classes",1,402be7ed-ee8b-63b4-9651-4cdf16040076,"Zumba Gold&#174;","Exercise Classes",2026-07-27,09:15,"","Bronx (New Settlement area)","Low-impact, accessible movement class that can serve as a gentle mind-body start (suitable if you want a calmer, easy entry into movement)."
2,"I'm looking for yoga or meditation classes",2,6a363939-74a8-200b-7463-6021a9cc1f55,"Yoga","Yoga & Pilates Classes",2026-07-27,10:00,"","Brooklyn (Gerritsen Beach)","Outdoor Vinyasa-style flow focusing on breath-to-movement — a straightforward yoga class for connecting and relaxing."
2,"I'm looking for yoga or meditation classes",3,61c4d442-2554-69a8-11e2-8674f73ced9d,"Gentle Yoga","Yoga & Pilates Classes",2026-07-27,11:30,"","Queens (Bayside)","Gentle, therapeutic yoga with a guided relaxation — ideal if you want a restorative/meditation-focused session."
2,"I'm looking for yoga or meditation classes",4,a8db2c6c-4fe1-0b53-bc54-e765ebb34360,"Chair Yoga","Yoga & Pilates Classes",2026-07-27,17:00,"","Bronx (Eastchester)","Chair Yoga offers accessible breathwork and movement without floor work, great for a gentle meditation-oriented practice."
2,"I'm looking for yoga or meditation classes",5,b275671e-2952-8c41-4f03-e4fd82eee267,"Virtual Yoga","Yoga & Pilates Classes",2026-07-27,19:30,"","Virtual","An online Vinyasa flow with mindful elements and final relaxation — convenient if you want to practice at home."
2,"I'm looking for yoga or meditation classes",6,eb9e821c-f090-183f-408c-fa98250c7e6a,"Tai Chi","Yoga & wellness",2026-07-28,07:30,"Bryant Park","Midtown (Bryant Park)","Tai Chi is a slow-moving meditative practice that builds mind-body harmony — a good alternative to yoga/meditation."
2,"I'm looking for yoga or meditation classes",7,ff05a262-3139-a301-f3f1-4d3c2b858385,"Bryant Park Tai Chi","Yoga & Pilates Classes",2026-07-28,07:30,"Bryant Park","Midtown (Bryant Park)","Another Bryant Park Tai Chi entry — excellent for gentle, meditative movement outdoors."
2,"I'm looking for yoga or meditation classes",8,c6b9c482-87e9-ba47-2946-946db19f2c21,"Morning Yoga at Bryant Park","Yoga & Pilates Classes",2026-07-28,10:00,"Bryant Park","Midtown (Bryant Park)","Bryant Park Morning Yoga is a popular, well-run public class combining breath and movement with a calming group atmosphere."
2,"I'm looking for yoga or meditation classes",9,cab4a6b5-6a48-0f83-ebb7-37a9d44caa3d,"Hatha Flow","Yoga & Pilates Classes",2026-07-28,18:00,"St. John's Park","Tribeca / Lower Manhattan (St. John's Park)","Hatha Flow focuses on alignment and breath — a mindful slower-paced yoga well suited to meditation-focused practice."
2,"I'm looking for yoga or meditation classes",10,dc957c37-f21c-a287-1855-c7318197934c,"Sunset Yoga - July 28","Running & fitness",2026-07-28,18:00,"Pier 3 Central Lawn, Brooklyn Bridge Park","Brooklyn (Brooklyn Bridge Park — Pier 3)","Sunset Yoga is an all-level, calming evening practice that pairs well with meditation and stress relief."
2,"I'm looking for yoga or meditation classes",11,af8c9f26-4cbc-2414-34e8-765d1a7a801c,"Full Moon Yoga Club","Gardening",2026-07-29,18:30,"","Brooklyn (Backyard Garden)","A special chair-yoga + meditation-style session in a garden setting — intimate and restorative (RSVP required)."
2,"I'm looking for yoga or meditation classes",12,b99ce3aa-3fc8-0782-e184-2891c5b552aa,"Summer on the Hudson: Yoga- Evening Salute to the Sun","Yoga & Pilates Classes",2026-07-29,18:30,"Riverside Park South","Upper West Side / Riverside (Riverside Park South)","Sunset yoga on the Hudson is a calming, scenic practice ideal for combining movement with meditation."
2,"I'm looking for yoga or meditation classes",13,c500fa33-c1ad-f30e-fa76-c88d29b15e91,"Yoga in the Park","Yoga & Pilates Classes",2026-07-30,19:00,"Van Cortlandt Park","Bronx (Van Cortlandt Park)","This class blends Vinyasa with a sound meditation element — perfect if you want explicit meditation integrated into yoga."
2,"I'm looking for yoga or meditation classes",14,3a8ab712-1a7e-a8f7-0d0b-57e7337c8e43,"Prospect Park Yoga","Yoga",2026-07-30,19:00,"Prospect Park","Brooklyn (Prospect Park, Long Meadow)","Prospect Park Yoga is a gentle, community-centered outdoor class led by experienced teachers — great for a restorative practice."
3,"What live music or concerts are happening this week?",1,1adf0d47-5801-a7d1-7385-13926eaa2112,"Big City Folk in Greeley Square Park","Free Summer Concerts",2026-07-27,18:00,"Greeley Square Park","Midtown (Greeley Square Park)","Big City Folk in Greeley Square features singer-songwriters showcasing new work — a focused live-music evening on Mon 7/27 at 6:00 PM."
3,"What live music or concerts are happening this week?",2,d32e1ec5-b230-cf3f-a007-1ddfc1d165c0,"Belong&#243;'s Fat Cats in the Harlem Rose Garden","Free Summer Concerts",2026-07-27,18:00,"","Harlem (Harlem Rose Garden)","Belongó’s Fat Cats (Afro-Latin jazz youth ensemble) perform Mon 7/27 at 6:00 PM — a lively live-music show with jazz energy."
3,"What live music or concerts are happening this week?",3,b06b3bd8-428a-ad94-ef65-bb289b455712,"Ali Stroker","Live music",2026-07-27,18:30,"Hudson River Park","Clinton / West Side (Hudson River Park)","Ali Stroker is performing as part of Hudson River Park’s free Broadway by the Boardwalk series — a clear live-music pick tonight (Mon 7/27, 6:30 PM)."
3,"What live music or concerts are happening this week?",4,8c9277b5-7020-06da-214d-6f00256874f0,"Soundbath at the Bowl","Film & cinema",2026-07-27,20:00,"Brooklyn Bowl","Brooklyn (Brooklyn Bowl)","Soundbath at the Bowl (Mon 7/27, 8:00 PM) is a live-music/ambient performance in a known music venue for a different live-music experience."
3,"What live music or concerts are happening this week?",5,abc61b48-2dfc-6f08-5d66-0ca28cc8e0f5,"Debbie Knapper and the Knappertime Band","Live music",2026-07-28,18:30,"Hudson River Park","Hudson River Park / West Side","Debbie Knapper and the Knappertime Band play Tue 7/28 at 6:30 PM as part of Hudson River Park’s live-music series."
3,"What live music or concerts are happening this week?",6,59ce3aaf-9fc1-633e-303a-c4e3ade889fd,"Summer on the Hudson: Mycelium - A Solar-Powered Concert","Waterfront",2026-07-28,19:00,"Riverside Park South","Riverside / Upper West Side (Pier I, Riverside Park South)","Mycelium: A Solar-Powered Concert with Sirintip Phasuk is an orchestral/pop live-music event Tue 7/28 at 7:00 PM."
3,"What live music or concerts are happening this week?",7,7cc03fa6-ef47-95b3-103b-7b9a5e877c1a,"Stargazing on the High Line","Astronomy",2026-07-28,20:15,"The High Line","Meatpacking/High Line (13th St. area)","Stargazing on the High Line (Tue 7/28, 8:15 PM start listed) includes telescope viewing plus a social evening — not a concert but a nighttime event with public programming (keeps options varied)."
3,"What live music or concerts are happening this week?",8,3bcffc43-a19c-d820-3739-12e8d7992bdd,"Midtown Music in Greeley Square Park","Free Summer Concerts",2026-07-29,14:30,"Greeley Square Park","Midtown (Bryant Park)","Midtown Music in Greeley/Bryant Park (Wed 7/29, 3:30 PM / 7:00 PM listings) offers afternoon and evening live-music sets — easy, central options."
3,"What live music or concerts are happening this week?",9,d3400513-b404-e3ba-e0bb-f0c6168e0212,"Hippo Playground Summer Concerts Featuring Esther Crow","Free Summer Concerts",2026-07-29,15:30,"Riverside Park","Riverside / Upper West Side (Hippo Playground, Riverside Park)","Hippo Playground Summer Concerts feature Esther Crow Wed 7/29 at 3:30 PM — a singer-songwriter set in Riverside Park."
3,"What live music or concerts are happening this week?",10,98744771-3956-8de2-f799-a79f4d5eedbe,"Julieta Venegas / Lasso / Micro TDH / DJ Anamaria Sayre","Live Music",2026-07-29,18:00,"Manhattan","Central Park (likely Great Lawn / SummerStage area)","Julieta Venegas with Lasso and Micro TDH (Wed 7/29, 6:00 PM) is a big outdoor live-music headliner in Central Park — a prime concert night."
3,"What live music or concerts are happening this week?",11,1cb0c42d-f7a5-3ef3-9dde-ab757fa88e8a,"Skyline CircleSing with Gaia Music Collective - July","Live music",2026-07-29,19:00,"Pier 3 Greenway Terrace, Brooklyn Bridge Park","DUMBO / Brooklyn Waterfront (Pier 3, Brooklyn Bridge Park)","Skyline CircleSing with Gaia Music Collective (Wed 7/29, 7:00 PM) is a participatory live-music circlesinging session with harmonies and group singing."
3,"What live music or concerts are happening this week?",12,5237ae01-d0a4-2289-467c-115e94e71458,"Disability Pride Night: Musical Performance & Q+A with Just Call Me By My Name","Live music",2026-07-29,19:30,"Poster House","Chelsea / Midtown West (Poster House)","Disability Pride Night musical performance & Q+A (Wed 7/29, 7:30 PM) features singer-songwriters and offers live performance plus conversation."
3,"What live music or concerts are happening this week?",13,e91c2c77-0103-3bfb-e54a-9ffd0f144c33,"Lunchtime Jazz: July 30","Live music",2026-07-30,12:00,"Union Square Park","Union Square (East Village/Greenwich)","Lunchtime Jazz in Union Square (Thu 7/30, 12:00 PM) offers a live-jazz set if you prefer a daytime music outing."
3,"What live music or concerts are happening this week?",14,d93a3c11-90aa-3a9a-5587-0f61e320995a,"UBB 40th Anniversary Celebration: BreakBeat Lou & Lord Finesse / Diamond D / Grand Puba / Sadat X / Nice & Smooth / Peter Gunz / DJ Boogie Blind","Live Music",2026-07-30,19:00,"Manhattan","Central Park / SummerStage (Manhattan)","UBB 40th Anniversary Celebration with BreakBeat Lou, Lord Finesse, Diamond D, Grand Puba and others (Thu 7/30, 7:00 PM) is a major live-hip-hop concert night."
3,"What live music or concerts are happening this week?",15,f0df12ca-8e75-6007-9843-e14426409e13,"Chamber Music: Wreathed in Blossom","Live music",2026-08-01,11:00,"Governors Island","Governors Island","Chamber Music: Wreathed in Blossom on Governors Island (Sat 8/1, 11:00 AM) is a live classical-music performance if you want a weekend concert option."
4,"Are there any workshops where I can learn a craft?",1,5d90601b-7768-a1ab-8660-b929c3b26460,"Monday Morning Pitch In to Pick Up","Workshops",2026-07-27,10:00,"Starlight Park","Starlight Park / Bronx (Bronx River House)","Volunteer cleanup offers hands-on stewardship skills and simple fieldcraft for working with outdoor tools and teams."
4,"Are there any workshops where I can learn a craft?",2,01d68a2a-1d82-0abd-d200-fcee3523027b,"""Cultivating Presence in the Garden"": Storytelling Workshops with Roundabout Theatre Company","Workshops",2026-07-28,17:00,"","Poppa & Momma Jones Historical Garden (Bronx)","A storytelling workshop from Roundabout Theatre Company teaches performance and soundscaping techniques — a clear craft to learn."
4,"Are there any workshops where I can learn a craft?",3,6cc59e2c-cfc3-1d52-34e2-5e7fb53da047,"The Bronx Museum Presents: Meet Me At The Park&#8212;Wood Carving With Artist Jill Cohen-Nu&#241;ez","Art",2026-07-29,15:00,"Joyce Kilmer Park","Joyce Kilmer Park / Bronx","A wood-carving workshop where you'll learn tool safety, wood identification, and carving techniques — direct craft instruction."
4,"Are there any workshops where I can learn a craft?",4,4fa28fa4-3be4-b56a-5561-919d71a393f1,"Circus Arts in Herald Square Park","Workshops",2026-07-29,18:00,"Herald Square","Herald Square / Midtown Manhattan","Circus Arts offers practical skills (hooping, juggling, silk fan dancing, plate spinning) with instructor guidance — great for learning a playful physical craft."
4,"Are there any workshops where I can learn a craft?",5,4713920c-4284-acdd-8500-589b36c51c05,"Screen Printing for Beginners","Workshops",2026-07-30,13:00,"Kissena Park","Kissena Park (Queens)","Screen Printing for Beginners is a focused hands-on craft workshop teaching screenprinting techniques and producing a finished item."
4,"Are there any workshops where I can learn a craft?",6,7d25101b-9bdb-5903-aaa5-b0c572820e39,"Beginner Crochet Workshop","Workshops",2026-07-30,15:00,"Kissena Park","Kissena Park (Queens)","Beginner Crochet Workshop teaches a textile craft from the basics with supplies provided — ideal if you want to learn fiber skills."
4,"Are there any workshops where I can learn a craft?",7,ceae4951-c96f-47e2-7cb2-3f893d73fb20,"Threading the Line: Sewing Session with Saskia Jorda","Hiking & parks",2026-07-31,11:00,"Governors Island","Governors Island","Threading the Line is a sewing session led by an artist — direct craft instruction in textile/sewing techniques."
4,"Are there any workshops where I can learn a craft?",8,313e308c-47bd-31a8-4e44-6b2cd75bcea7,"Cyanotype Workshop with Nadia","Gardening",2026-07-31,12:00,"Hunts Point Riverside Park","Hunts Point Riverside Park (Bronx)","Cyanotype Workshop teaches an analogue photographic print craft using plants and light to make prints."
4,"Are there any workshops where I can learn a craft?",9,9435d95e-a50a-35b1-9a4c-df4d3411da0d,"Indigenous Art Workshop with NAIC-NY","Workshops",2026-08-01,11:00,"Starlight Park","Starlight Park / Bronx (Bronx River House)","An Indigenous Art Workshop offers instruction in traditional crafts and techniques from indigenous artists."
4,"Are there any workshops where I can learn a craft?",10,d4e8f62b-2f0a-7238-1a78-6cd602d66f1b,"Incense and Smoke Wand Workshop with Lashette Williams","Art",2026-08-01,11:00,"Concrete Plant Park","Concrete Plant Park / Bronx","This workshop teaches plant-based incense blending and wand-making — a focused, practical craft session."
5,"I want to take my kids to something fun this week",1,31510ea1-b174-066d-2af9-a455e03e35e4,"Kids In Motion: Carl Schruz Park","Family & kids",2026-07-28,10:00,"Carl Schurz Park","Upper East Side (Carl Schurz Park)","Kids In Motion drop-in program provides organized outdoor games and activities that keep kids active and engaged."
5,"I want to take my kids to something fun this week",2,4ecb8916-1954-ad39-af55-e1d97e86b59a,"Kids In Motion: Nautilus Playground","Family & kids",2026-07-28,10:00,"Roy Wilkins Recreation Center","Staten Island / East Shore (Roy Wilkins Recreation Center)","Extended Kids In Motion session offering many games and water activities — excellent for energetic kids."
5,"I want to take my kids to something fun this week",3,5424e829-8931-626b-6885-4a4bcc038154,"StoryTime at Bryant Park Reading Room","Family & kids",2026-07-28,10:30,"Bryant Park","Midtown (Bryant Park)","Free children's storytime with live “Meowsic” and free books — perfect for younger kids and easy to combine with a Midtown outing."
5,"I want to take my kids to something fun this week",4,4b2a5242-7306-047b-8acc-342e60ff5c5b,"Giant Bubble at Greeley Square Park","Family & kids",2026-07-29,12:30,"Greeley Square Park","Midtown (Greeley Square Park)","Giant bubble activity is interactive, whimsical and great for kids of all ages."
5,"I want to take my kids to something fun this week",5,3e6cdd58-a6b1-e8e7-da31-584294e9bf00,"Kids in Motion: Loreto Playground (Let's Make Clay Monsters)","Family & kids",2026-07-29,15:00,"Loreto Playground","Greenwich Village (Washington Square Park)","Art in the Park offers hands-on art-making led by a friendly instructor — great for creative kids."
5,"I want to take my kids to something fun this week",6,36a5bc5e-f42e-c5f6-96af-30545cf04a24,"Kids in Motion: Spuyten Duyvil Playground (Let's Make Clay Monsters)","Family & kids",2026-07-29,15:00,"Spuyten Duyvil Playground","Spuyten Duyvil (Riverdale area, Bronx)","‘Let's Make Clay Monsters’ is a creative, supervised craft session kids will love."
5,"I want to take my kids to something fun this week",7,f5616214-2b8f-641c-580b-81def0576e78,"Kids in Motion: Metcalf Playground (Let's Make Clay Monsters)","Family & kids",2026-07-29,15:00,"Soundview Park","Soundview (Bronx)","Free clay-monster workshop — an engaging, hands-on activity for elementary-age kids."
5,"I want to take my kids to something fun this week",8,3581f6f9-d74f-2930-7cbf-82903d7fd9b4,"Art in the Park","Family & kids",2026-07-29,15:00,"Washington Square Park","Greenwich Village (Washington Square Park)","Art in the Park invites kids of all ages to draw and collage — low-pressure and fun."
5,"I want to take my kids to something fun this week",9,9d339de4-da88-0a8c-daa3-b81c68fd93dc,"Movies Under the Stars: Spy Kids (2001)","Family & kids",2026-07-30,20:30,"Behagen Playground","Upper Manhattan / Washington Heights (Behagen Playground)","Movies Under the Stars screening of Spy Kids is family-friendly and fun for older children."
5,"I want to take my kids to something fun this week",10,b8563cbb-83f3-14ef-daf7-16743d25f211,"Movies Under the Stars: Spy Kids","Family & kids",2026-08-01,20:30,"Alexander Hamilton Playground","Hamilton Heights / Washington Heights (Alexander Hamilton Playground)","Another Spy Kids screening nearby — easy, low-cost evening activity for kids and caregivers."
6,"I want to do something active and energetic outdoors",1,9ad48c1e-d585-e3cb-98f2-556988d0b1d7,"Zumba - July 27","Running & fitness",2026-07-27,18:00,"Pier 3 Plaza, Brooklyn Bridge Park","Brooklyn Bridge Park (Brooklyn Heights/DUMBO area)","A high-energy, outdoor Zumba class that matches your wish for an active, energetic outdoor workout."
6,"I want to do something active and energetic outdoors",2,89fb7d8c-5c60-9650-e249-0801209cf49a,"Riverside Field House: Bodyweight Blast","Exercise Classes",2026-07-28,08:00,"Riverside Park","Riverside Park (Upper West Side / 102nd St)","High-energy bodyweight and cardio workout outdoors — exactly the energetic activity you asked for."
6,"I want to do something active and energetic outdoors",3,d4aee0fe-6bb6-f0b2-725f-d6354ec22d7c,"Bodyroll","Exercise Classes",2026-07-28,09:30,"Washington Square Park","Washington Square Park (Greenwich Village)","An exuberant dance/movement practice that’s outdoors and energetic."
6,"I want to do something active and energetic outdoors",4,96f46f0d-7cd8-877a-bd8b-c266ea7edcd9,"Intermediate Canoeing","Urban Park Rangers",2026-07-29,10:00,"Inwood Hill Park","Inwood Hill Park (Inwood, Manhattan)","Open-water canoeing led by Park Rangers — energetic and adventurous on the water."
6,"I want to do something active and energetic outdoors",5,8c95bc93-5322-cf14-1070-9ec435396f09,"Summer Spruce Up","Volunteer",2026-07-29,10:00,"Prospect Park","Prospect Park (Park Slope/Prospect Heights)","Volunteer spruce-up that involves trail and landscape work — active outdoor labor that burns energy."
6,"I want to do something active and energetic outdoors",6,e34a20bd-d7e6-1921-5562-29fcf73e2247,"Kayaking - July 29","Running & fitness",2026-07-29,17:00,"Pier 2, Brooklyn Bridge Park","Brooklyn Bridge Park (Pier 2, Brooklyn)","Active, outdoors and energetic paddling on the water — a different full-body outdoor workout."
6,"I want to do something active and energetic outdoors",7,1b5926ed-70cf-1f1e-86af-a3b535460a9d,"Waterfront Workouts: Amp'd Bootcamp","Outdoor Fitness",2026-07-29,18:00,"Brooklyn Bridge Park","Brooklyn Bridge Park (DUMBO/Pier 2 area)","A HIIT bootcamp outdoors that will push your limits and deliver an energetic workout."
6,"I want to do something active and energetic outdoors",8,a381c4c9-c334-f39b-7cbc-f67da452832e,"Amp'd Bootcamp - July 29","Running & fitness",2026-07-29,18:00,"Pier 2 Turf, Brooklyn Bridge Park","Brooklyn Bridge Park (DUMBO/Pier 2 Turf)","Same Amp'd Bootcamp offering intense, energetic outdoor training on the waterfront."
6,"I want to do something active and energetic outdoors",9,15cd3fb7-a7fc-1708-6bea-a501615ec532,"Trail Work Thursdays","Walking",2026-07-30,09:00,"Van Cortlandt Park","Van Cortlandt Park (Riverdale/Allerton, Bronx)","Hands-on trail work that’s physically active and outdoors — great if you want energetic, practical activity."
6,"I want to do something active and energetic outdoors",10,c334df7f-644d-42ce-01b7-c383644d14dd,"Basic Canoeing and Nature Exploration","Urban Park Rangers",2026-07-30,11:00,"Willowbrook Park","Willowbrook Park (Staten Island)","Guided canoe adventures combined with nature exploration — active, on-water, outdoors."
6,"I want to do something active and energetic outdoors",11,f749b607-9d08-a926-659e-d3f1fb666aa1,"Greenbelt Adult Hike &#8211; Acme Pond","Hiking",2026-07-30,11:00,"Wolfe's Pond Park","Wolfe's Pond Park (Tottenville/Woodrow area, Staten Island)","A vigorous adult hike through forest trails — active, energetic, outdoors."
7,"I'm looking for a quiet, intellectual evening",1,4a641acd-3948-b9dc-28ba-0800ddfdea5d,"Reel Talks at Bryant Park: Conversation on Eric Rohmer","Accessible Activities",2026-07-27,12:30,"Bryant Park","Midtown (Bryant Park)","A focused conversation on Eric Rohmer with André Aciman is exactly the kind of quiet, intellectual film discussion you said you wanted."
7,"I'm looking for a quiet, intellectual evening",2,9e23084e-04fc-7dd9-3592-b1f00f72ec3b,"Robert Wright in Conversation with Bruce Feiler: Humanity, AI, and The God Test","Books & readings",2026-07-27,19:30,"The 92nd Street Y, New York","Upper East Side (92nd Street Y)","An evening-length author conversation on big ideas (humanity, AI, religion) fits a quiet, intellectual mood."
7,"I'm looking for a quiet, intellectual evening",3,a71d7b10-5c9d-1a00-f971-165998c2b87e,"The Center for Fiction Presents Valeria Luiselli on Beginning Middle End","Books & readings",2026-07-28,19:00,"The Center for Fiction","Nolita/Lower Manhattan (The Center for Fiction)","Valeria Luiselli discussing craft and a new book promises thoughtful literary conversation."
7,"I'm looking for a quiet, intellectual evening",4,5237ae01-d0a4-2289-467c-115e94e71458,"Disability Pride Night: Musical Performance & Q+A with Just Call Me By My Name","Live music",2026-07-29,19:30,"Poster House","Midtown (Bryant Park Reading Room)","A Bryant Park program on the women’s movement and politics offers a substantive, discussion-driven experience."
7,"I'm looking for a quiet, intellectual evening",5,4104708b-a1c4-b962-8988-94934d7c6e71,"Annie Jacobsen with Elliot Ackerman: Nuclear War Scenarios","Books & readings",2026-07-29,19:30,"The 92nd Street Y, New York","Upper East Side (92nd Street Y)","A deep, policy-oriented talk on nuclear-war scenarios is well suited to a quiet, intellectual evening."
7,"I'm looking for a quiet, intellectual evening",6,1a74d581-af44-12e8-ba48-3824e7e6189e,"Did the Ivy League Fail America?","Talks & lectures",2026-07-30,18:30,"Fabrik Tribeca","TriBeCa (Fabrik Tribeca)","A debate-style talk on the Ivy League and society matches a thoughtful, critical-evening preference."
8,"I want to feel connected to nature in the city",1,983b59c9-c007-5732-1148-ab2e2af2fe2f,"It's My Park at Highbridge Park","It's My Park",2026-07-27,09:00,"Highbridge Park","Highbridge (Washington Heights/Inwood area)","Hands-on park stewardship (tilling, composting, cleanup) in Highbridge Park — a great way to connect directly with urban nature and help habitat health."
8,"I want to feel connected to nature in the city",2,fe19477a-0f43-b5a1-adbb-83ed2e80a941,"Trees Count at Washington Market Park","Workshops",2026-07-27,10:00,"Washington Market Park","Tribeca (Washington Market Park)","Tree-counting gives you practical interaction with urban trees and learning ID skills that deepen your relationship with the park canopy."
8,"I want to feel connected to nature in the city",3,a9e65ecb-40da-74c6-c61a-57362d919f48,"Park Tour","Hiking & parks",2026-07-27,11:00,"Bryant Park","Bryant Park / Midtown Manhattan","A relaxed park tour in Bryant Park helps you notice plantings, pollinators, and microgreens within the urban core."
8,"I want to feel connected to nature in the city",4,39cb07be-3270-182f-f7d8-89392d3eef7b,"Foragers in the Foodway","Gardening",2026-07-28,10:00,"Concrete Plant Park","Bronx (Concrete Plant Park / Bronx River area)","Guided foraging connects you to seasonal edible and medicinal plants and teaches safe identification and use."
8,"I want to feel connected to nature in the city",5,e51a4ddf-f9cc-5c7a-5513-fa4094e24003,"Stewardship Morning at the Foodway","Gardening",2026-07-28,10:00,"Concrete Plant Park","Bronx (Concrete Plant Park / Bronx River area)","Volunteer stewardship at the Bronx River Foodway is a tactile way to care for urban habitat and see plants grow over time."
8,"I want to feel connected to nature in the city",6,b0105eb8-cdbe-ccb7-fc84-736120b3aa88,"Wetlab Look-ins","Hiking & parks",2026-07-28,12:00,"Pier 40, Hudson River Park","Hudson River Park / West Village to Hudson Square","Wetlab visits let you meet Hudson River wildlife up close and learn about local aquatic ecosystems."
8,"I want to feel connected to nature in the city",7,59ce3aaf-9fc1-633e-303a-c4e3ade889fd,"Summer on the Hudson: Mycelium - A Solar-Powered Concert","Waterfront",2026-07-28,19:00,"Riverside Park South","Riverside Park South / Upper West Side","A waterfront concert inspired by fungi and plankton offers an artistic, nature-themed way to feel connected to hidden ecosystems."
8,"I want to feel connected to nature in the city",8,7cc03fa6-ef47-95b3-103b-7b9a5e877c1a,"Stargazing on the High Line","Astronomy",2026-07-28,20:15,"The High Line","Meatpacking / Chelsea (The High Line at 13th St.)","Nighttime stargazing on the High Line pairs the urban skyline with direct observation of the natural night sky for a calm nature connection."
8,"I want to feel connected to nature in the city",9,96f46f0d-7cd8-877a-bd8b-c266ea7edcd9,"Intermediate Canoeing","Urban Park Rangers",2026-07-29,10:00,"Inwood Hill Park","Inwood (Inwood Hill Park)","Paddling with Urban Park Rangers places you directly on city water for an immersive nature experience."
8,"I want to feel connected to nature in the city",10,8c95bc93-5322-cf14-1070-9ec435396f09,"Summer Spruce Up","Volunteer",2026-07-29,10:00,"Prospect Park","Prospect Park (Brooklyn)","Working on trails and removing invasives is a physical way to restore and connect with a large urban green space."
8,"I want to feel connected to nature in the city",11,ce493a09-de96-e81d-0c8f-d1bad76a9c4b,"Books & Blankets ","Others",2026-07-29,14:30,"Idlewild Environmental Center","Queens (Idlewild / Idlewild Environmental Center, near JFK area)","A relaxed 'Books & Blankets' reading on an environmental center lawn is restorative and connects you to open green spaces and community."
8,"I want to feel connected to nature in the city",12,679dd576-95c7-dc37-a608-2fd3e234e385,"Expert-Led Explorations: Plankton - July 29","Hiking & parks",2026-07-29,16:00,"Pier 5, Brooklyn Bridge Park","DUMBO / Brooklyn Bridge Park (Pier 5)","Plankton-focused exploration reveals the microscopic life that sustains aquatic ecosystems and deepens appreciation for urban waterways."
8,"I want to feel connected to nature in the city",13,85fd4591-8ad1-8cb1-84ab-fe41bb46bbb2,"Skyline CircleSing with Gaia Music Collective","Free Summer Concerts",2026-07-29,19:00,"Brooklyn Bridge Park","Brooklyn Bridge Park (Pier 3)","Group singing outdoors in the park builds community and fosters a joyful, nature-adjacent evening."
8,"I want to feel connected to nature in the city",14,0eba4583-43a2-cfb2-4a58-6db7160b5038,"Wild Inside (World Premiere)","Film & cinema",2026-07-29,19:30,"Central Park — Great Hill","Central Park — Upper West Side (Great Hill)","An outdoor film in Central Park combines nature, night air, and community in a broad, restorative setting."
9,"I'm looking for a creative hands-on experience",1,88ce72df-507c-f6ab-d827-e3d4b385f5d1,"Kids in Motion: Hunts Point Playground (Let's Make Clay Monsters)","Family & kids",2026-07-29,15:00,"Hunts Point Playground","Hunts Point (Bronx)","A hands-on clay-sculpting workshop to make your own ‘clay monsters’ — playful, tactile, and directly creative."
9,"I'm looking for a creative hands-on experience",2,36a5bc5e-f42e-c5f6-96af-30545cf04a24,"Kids in Motion: Spuyten Duyvil Playground (Let's Make Clay Monsters)","Family & kids",2026-07-29,15:00,"Spuyten Duyvil Playground","Spuyten Duyvil (Bronx)","Same clay-sculpting workshop offered at a different location — great if you prefer that neighborhood or time."
9,"I'm looking for a creative hands-on experience",3,6cc59e2c-cfc3-1d52-34e2-5e7fb53da047,"The Bronx Museum Presents: Meet Me At The Park&#8212;Wood Carving With Artist Jill Cohen-Nu&#241;ez","Art",2026-07-29,15:00,"Joyce Kilmer Park","Joyce Kilmer Park / Belmont (Bronx)","A supervised wood-carving workshop teaching identification and safe carving techniques — highly hands-on and skill-building."
9,"I'm looking for a creative hands-on experience",4,530b297f-e6ba-5820-b4b4-db0a0cbaa7c6,"Disability Pride Night: ‘Proud to Be Me’ Flag-Making Workshop","Theater",2026-07-29,17:30,"Poster House","Midtown (Poster House location)","A guided flag-making workshop using felt, yarn and mixed materials — explicitly hands-on, creative, and expressive."
9,"I'm looking for a creative hands-on experience",5,4fa28fa4-3be4-b56a-5561-919d71a393f1,"Circus Arts in Herald Square Park","Workshops",2026-07-29,18:00,"Herald Square","Herald Square / Midtown (Manhattan)","A playful, physical, hands-on session trying silk fans, hoop tricks, juggling and other flow props — creative in a movement-based way."
9,"I'm looking for a creative hands-on experience",6,4713920c-4284-acdd-8500-589b36c51c05,"Screen Printing for Beginners","Workshops",2026-07-30,13:00,"Kissena Park","Kissena (Queens)","A beginner-friendly, hands-on screen-printing workshop where you make your own printed T-shirt or tote — perfect for a creative, tactile session."
9,"I'm looking for a creative hands-on experience",7,313e308c-47bd-31a8-4e44-6b2cd75bcea7,"Cyanotype Workshop with Nadia","Gardening",2026-07-31,12:00,"Hunts Point Riverside Park","Hunts Point (Bronx)","A cyanotype (sun-print) workshop where you select plants and create photographic prints — tactile and creative with a botanical focus."
9,"I'm looking for a creative hands-on experience",8,d4e8f62b-2f0a-7238-1a78-6cd602d66f1b,"Incense and Smoke Wand Workshop with Lashette Williams","Art",2026-08-01,11:00,"Concrete Plant Park","Concrete Plant Park / West Farms (Bronx)","A hands-on incense and smoke-wand workshop where you make your own plant-based blends — creative and tactile."
9,"I'm looking for a creative hands-on experience",9,bce61be8-dfad-ace9-3608-322e8929f3c1,"Garden Glow-Up: Plant-Based Beauty Workshop","Workshops",2026-08-01,14:00,"","Harlem Grown / Harlem (Manhattan)","A plant-based beauty workshop where you mix and make salves and products — creative, hands-on, and garden-rooted."
10,"I want a relaxing, low-key evening after a stressful week",1,c684d95d-b726-2b01-8a46-f9a0e20f2035,"Obsession (Rooftop Cinema)","Film & cinema",2026-07-26,22:45,"Rooftop Cinema Club Midtown","Midtown (West 37th St)","Open-air rooftop film (Obsession) tonight provides a low-effort way to unwind outdoors with a film and skyline view."
10,"I want a relaxing, low-key evening after a stressful week",2,8c9277b5-7020-06da-214d-6f00256874f0,"Soundbath at the Bowl","Film & cinema",2026-07-27,20:00,"Brooklyn Bowl","Brooklyn (Bowery address for venue Brooklyn Bowl)","A soundbath at Brooklyn Bowl is a soothing, meditative evening experience ideal for de-stressing."
10,"I want a relaxing, low-key evening after a stressful week",3,a91c0b37-35eb-4591-fe64-23c39b471965,"The Notebook (Rooftop Cinema)","Film & cinema",2026-07-27,22:20,"Rooftop Cinema Club Midtown","Midtown (West 37th St)","A later rooftop screening of The Notebook lets you relax under the stars with a comforting, low-key film."
10,"I want a relaxing, low-key evening after a stressful week",4,dc957c37-f21c-a287-1855-c7318197934c,"Sunset Yoga - July 28","Running & fitness",2026-07-28,18:00,"Pier 3 Central Lawn, Brooklyn Bridge Park","Brooklyn Bridge Park (DUMBO/ Brooklyn Heights)","Sunset Yoga at Brooklyn Bridge Park is a gentle, restorative class that helps you decompress outdoors at day's end."
10,"I want a relaxing, low-key evening after a stressful week",5,7cc03fa6-ef47-95b3-103b-7b9a5e877c1a,"Stargazing on the High Line","Astronomy",2026-07-28,20:15,"The High Line","Meatpacking / Chelsea (High Line at 13th St)","Stargazing on the High Line is peaceful and low-key — a nice, contemplative nighttime activity to de-stress."
10,"I want a relaxing, low-key evening after a stressful week",6,8c95bc93-5322-cf14-1070-9ec435396f09,"Summer Spruce Up","Volunteer",2026-07-29,10:00,"Prospect Park","Wave Hill, Riverdale (Bronx)","Wave Hill's Sunset Wednesdays (Stella Cole) offers mellow live music in a serene garden setting — very relaxing."
11,"What's happening at Bryant Park this week?",1,e6fb8080-2e6d-7408-dfc1-6453367c473a,"Le Carrousel Extravaganza","Hiking & parks",2026-07-27,10:00,"Bryant Park","Midtown (Bryant Park)","Le Carrousel Extravaganza is a family-friendly Bryant Park program on Mon Jul 27 morning with live entertainment and carousel fun."
11,"What's happening at Bryant Park this week?",2,a9e65ecb-40da-74c6-c61a-57362d919f48,"Park Tour","Hiking & parks",2026-07-27,11:00,"Bryant Park","Midtown (Bryant Park)","The Park Tour on Mon Jul 27 at 11:00 is a short guided walk to learn about Bryant Park’s history and features."
11,"What's happening at Bryant Park this week?",3,bcd8f6e9-3a66-6ab8-accb-3013bc866577,"Piano in Bryant Park","Accessible Activities",2026-07-27,12:30,"Bryant Park","Midtown (Bryant Park)","Piano in Bryant Park (Mon Jul 27 12:30) offers live ragtime/stride/jazz—great for a relaxed lunch break."
11,"What's happening at Bryant Park this week?",4,06fec95f-4717-99f2-fdd7-e907724ec2fe,"Reel Talks","Hiking & parks",2026-07-27,12:30,"Bryant Park","Midtown (Bryant Park)","Reel Talks at 12:30 on Mon Jul 27 is a short midday program in the park."
11,"What's happening at Bryant Park this week?",5,35e42701-0e60-7c96-f2ae-df55a809efdd,"Bryant Park Movie Nights","Free Summer Movies",2026-07-27,17:00,"Bryant Park","Midtown (Bryant Park)","Bryant Park Movie Nights (Mon Jul 27) screens The Truman Show on the lawn — classic outdoor cinema under the stars."
11,"What's happening at Bryant Park this week?",6,499984ba-56ac-5503-06a9-8c720ab3a0b5,"Paramount+ Movie Nights","Film & cinema",2026-07-27,20:00,"Bryant Park","Midtown (Bryant Park)","Paramount+ Movie Nights at Bryant Park is the evening screening program (The Truman Show on Jul 27)."
11,"What's happening at Bryant Park this week?",7,c6b9c482-87e9-ba47-2946-946db19f2c21,"Morning Yoga at Bryant Park","Yoga & Pilates Classes",2026-07-28,10:00,"Bryant Park","Midtown (Bryant Park)","Morning Yoga at Bryant Park (Tue Jul 28 10:00) is the regular free Halara class on the Upper Terrace."
11,"What's happening at Bryant Park this week?",8,1721e3c3-d0bb-17de-92ad-a0c51ad7d523,"Le Carrousel","Hiking & parks",2026-07-28,10:00,"Bryant Park","Midtown (Bryant Park)","Le Carrousel (Tue Jul 28 10:00) is the park’s carousel attraction and usually features activities for kids."
11,"What's happening at Bryant Park this week?",9,5424e829-8931-626b-6885-4a4bcc038154,"StoryTime at Bryant Park Reading Room","Family & kids",2026-07-28,10:30,"Bryant Park","Midtown (Bryant Park)","StoryTime at Bryant Park Reading Room (Tue Jul 28 10:30) offers children’s readings and free books while supplies last."
11,"What's happening at Bryant Park this week?",10,43e68757-853f-7b9d-d285-116a0d41a877,"BookClub","Books & readings",2026-07-28,12:30,"Bryant Park","Midtown (Bryant Park)","BookClub (Tue Jul 28 12:30) is a free reading group at Bryant Park for midday literary hangouts."
11,"What's happening at Bryant Park this week?",11,87d1bf25-588a-742b-6274-23e3bdc97064,"Piano","Live music",2026-07-28,12:30,"Bryant Park","Midtown (Bryant Park)","Piano at Bryant Park (Tue Jul 28 12:30) provides live piano music—perfect for a relaxed lunch."
11,"What's happening at Bryant Park this week?",12,69a54b21-a995-3902-5412-bf466e80521d,"Board Game Social","Sports & games",2026-07-28,17:00,"Bryant Park","Midtown (Bryant Park)","Board Game Social (Tue Jul 28 17:00) is a casual gaming meetup in Bryant Park."
11,"What's happening at Bryant Park this week?",13,28ee3e11-2a9a-a2ea-9676-7e0b24c0ccaa,"Poetry","Books & readings",2026-07-28,18:00,"Bryant Park","Midtown (Bryant Park)","Poetry at Bryant Park (Tue Jul 28 18:00) is an evening reading event for fans of spoken word."
11,"What's happening at Bryant Park this week?",14,ef6a2ed3-ef2b-ed61-8351-220a23035ee1,"Sensory Station","Hiking & parks",2026-07-30,11:30,"Bryant Park","Midtown (Bryant Park)","Bryant Park Tai Chi (Tue Jul 28 07:30) is a gentle outdoor wellness class on the Upper Terrace."
12,"Find me free fitness classes I can join",1,d3d7624d-a828-3140-0a60-375361181d22,"IronStrength","Others",2026-07-26,,"","various NYC locations (citywide series)","Large free citywide series offering many kinds of fitness classes across NYC — great if you want flexible, no-cost options any day through Sept."
12,"Find me free fitness classes I can join",2,ca391993-0741-022f-7cbb-13157c94f888,"Bodyweight Circuit Training","Exercise Classes",2026-07-27,17:30,"Prospect Park","Prospect Park / Brooklyn Heights area (Prospect Park)","Evening bodyweight circuit in Prospect Park — free, all levels, good for a full-body workout outdoors."
12,"Find me free fitness classes I can join",3,f2820dd1-b966-77fd-57fa-02f4edd1ce60,"Bodyweight Interval Training","Exercise Classes",2026-07-27,17:45,"McCarren Park","Williamsburg / Greenpoint area (McCarren Park)","High-energy bodyweight interval training indoors — great if you prefer a structured, studio-style class."
12,"Find me free fitness classes I can join",4,1ef02d28-4aef-1efd-bd52-1b4b7193b72f,"Low Impact Bodyweight Circuit Training","Exercise Classes",2026-07-27,18:00,"Asser Levy Playground","Lower East Side / East Village (Asser Levy Playground / Stuyvesant area)","Evening low-impact bodyweight circuit that's beginner-friendly and free."
12,"Find me free fitness classes I can join",5,7560d1de-ddbc-a601-8b2a-18778fd246bf,"Bodyweight Circuit Training","Exercise Classes",2026-07-27,19:00,"Asser Levy Playground","Lower East Side / East Village (Asser Levy Playground)","Another full-energy bodyweight circuit option at Asser Levy if you want a slightly different time/coach."
12,"Find me free fitness classes I can join",6,b275671e-2952-8c41-4f03-e4fd82eee267,"Virtual Yoga","Yoga & Pilates Classes",2026-07-27,19:30,"","virtual / anywhere","If you prefer to join from home, this free virtual Vinyasa session offers an accessible evening yoga option."
12,"Find me free fitness classes I can join",7,d412aa09-e177-9b40-402c-e38f0be003b0,"Bodyweight Blast","Exercise Classes",2026-07-28,08:00,"Riverside Park","Upper West Side / Riverside Park","Morning bodyweight blast — a quick, high-energy outdoor workout to start the day."
12,"Find me free fitness classes I can join",8,1b5926ed-70cf-1f1e-86af-a3b535460a9d,"Waterfront Workouts: Amp'd Bootcamp","Outdoor Fitness",2026-07-29,18:00,"Brooklyn Bridge Park","Brooklyn Bridge Park / DUMBO (Brooklyn Bridge Park)","Amp'd Bootcamp outdoors — high-intensity, free, and motivating with a waterfront setting."
12,"Find me free fitness classes I can join",9,db8d6fb7-8da6-2f11-34a3-77dd3eab94ee,"Midtown Fit","Strength Training/Weightlifting",2026-07-30,18:00,"Herald Square","Herald Square / Midtown Manhattan","Midtown Fit at Herald Square — a free high-energy workout in a convenient Manhattan spot."
12,"Find me free fitness classes I can join",10,c5b73c27-36a9-c606-a0c9-b20af32cab1e,"Yoga","Yoga & Pilates Classes",2026-07-31,08:30,"Washington Square Park","Greenwich Village / Washington Square Park","Accessible morning yoga in a central Manhattan park if you want a gentle start to the day."
13,"I want to volunteer and give back to the community",1,983b59c9-c007-5732-1148-ab2e2af2fe2f,"It's My Park at Highbridge Park","It's My Park",2026-07-27,09:00,"Highbridge Park","Washington Heights / Highbridge (northern Manhattan)","Community park cleanup, hands-on gardening/composting — great direct volunteer work to improve Highbridge Park."
13,"I want to volunteer and give back to the community",2,5d90601b-7768-a1ab-8660-b929c3b26460,"Monday Morning Pitch In to Pick Up","Workshops",2026-07-27,10:00,"Starlight Park","Mott Haven / Bronx (Starlight Park area)","Direct environmental volunteer work focused on preventing river litter — high community impact."
13,"I want to volunteer and give back to the community",3,fe19477a-0f43-b5a1-adbb-83ed2e80a941,"Trees Count at Washington Market Park","Workshops",2026-07-27,10:00,"Washington Market Park","Tribeca / Washington Market Park","Tree census volunteering — good if you prefer structured, skills-building environmental service."
13,"I want to volunteer and give back to the community",4,4835cc37-3f94-2c2d-29a2-d6e1001767b5,"It's My Park at Greenwood Playground","It's My Park",2026-07-28,09:00,"Greenwood Playground","Greenwood / South Brooklyn (Greenwood Playground)","Simple, local park beautification — easy way to give back with tangible results."
13,"I want to volunteer and give back to the community",5,6c1616d1-399f-0ad3-fcba-9427dbb0daea,"It's My Park at Sunset Park","It's My Park",2026-07-28,10:00,"Sunset Park","Sunset Park, Brooklyn","Volunteer park beautification in Sunset Park — good for hands-on neighborhood service."
13,"I want to volunteer and give back to the community",6,e51a4ddf-f9cc-5c7a-5513-fa4094e24003,"Stewardship Morning at the Foodway","Gardening",2026-07-28,10:00,"Concrete Plant Park","Bronx (Concrete Plant Park / Bronx River)","Regular stewardship at the Bronx River Foodway (weeding, mulching, planting) — strong community/ecosystem impact."
13,"I want to volunteer and give back to the community",7,f80f7103-8412-3c80-9873-c36a089297a0,"Sunset Volunteer Series","Volunteer",2026-07-28,17:00,"Prospect Park","Prospect Park / Brooklyn Backyard","Sunset Volunteer Series with Prospect Park Alliance — evening option for invasive removal, litter pickup, and mulching."
13,"I want to volunteer and give back to the community",8,130e69f8-1d16-a1f2-1a01-10e5c301940f,"Team RIVER Volunteers","Gardening",2026-07-29,09:30,"Randall's Island Park","Randall's Island","Team RIVER restoration volunteer — ongoing natural-area stewardship and gardening on Randall’s Island."
13,"I want to volunteer and give back to the community",9,a6e296a4-26c5-9303-8dc4-b283e87fef5f,"Volunteer Day: Newport Garden","Gardening",2026-07-29,10:00,"","East New York / Cypress Hills area (Newport Community Garden in Brooklyn)","GreenThumb garden volunteer day — help maintain and beautify a community garden and learn rain garden care."
13,"I want to volunteer and give back to the community",10,8c95bc93-5322-cf14-1070-9ec435396f09,"Summer Spruce Up","Volunteer",2026-07-29,10:00,"Prospect Park","Prospect Park / Brooklyn","Prospect Park Summer Spruce Up — good for people-focused conservation and trail/landscape work."
14,"What's happening near the waterfront or by the river?",1,9ad48c1e-d585-e3cb-98f2-556988d0b1d7,"Zumba - July 27","Running & fitness",2026-07-27,18:00,"Pier 3 Plaza, Brooklyn Bridge Park","DUMBO / Brooklyn Bridge Park (Brooklyn)","Free waterfront Zumba at Pier 3 Plaza — active, riverside class with skyline and East River views on Monday evening."
14,"What's happening near the waterfront or by the river?",2,b06b3bd8-428a-ad94-ef65-bb289b455712,"Ali Stroker","Live music",2026-07-27,18:30,"Hudson River Park","Hudson River Park / Clinton Cove (Manhattan)","Ali Stroker at Broadway by the Boardwalk is a free live music performance right on the Hudson River boardwalk."
14,"What's happening near the waterfront or by the river?",3,bc43ef4c-7099-0902-83db-87f3a0137de3,"Conditioning","Running & fitness",2026-07-27,18:30,"Pier 25, Hudson River Park","Hudson River Park (Tribeca/Lower Manhattan)","Free conditioning class at Pier 25 — riverside workout with views of the Hudson."
14,"What's happening near the waterfront or by the river?",4,acc56d70-3f69-4388-7377-d3e11ab3658f,"Free Movie On The Waterfront: Ferris Bueller's Day Off","Accessible Activities",2026-07-27,20:30,"Astoria Park","Astoria (Queens)","Free outdoor movie on the waterfront (Ferris Bueller) on the Astoria Park great lawn — classic film by the river."
14,"What's happening near the waterfront or by the river?",5,b0105eb8-cdbe-ccb7-fc84-736120b3aa88,"Wetlab Look-ins","Hiking & parks",2026-07-28,12:00,"Pier 40, Hudson River Park","Hudson River Park / Pier 40 (West Village/Hudson River)","Wetlab Look-ins at Pier 40 let you meet Hudson River wildlife inside the park’s research aquarium — waterfront-adjacent and great if you prefer a mostly indoor activity."
14,"What's happening near the waterfront or by the river?",6,ee798654-fd9e-9698-51f2-97c12705d7fd,"Brooklyn Bridge Park Conservancy Waterfront Walks","Walking",2026-07-28,18:30,"Brooklyn Bridge Park","Brooklyn Bridge Park (Brooklyn)","Brooklyn Bridge Park Conservancy waterfront walk — an hour+ guided tour focused on waterfront history, design, and ecology."
14,"What's happening near the waterfront or by the river?",7,59ce3aaf-9fc1-633e-303a-c4e3ade889fd,"Summer on the Hudson: Mycelium - A Solar-Powered Concert","Waterfront",2026-07-28,19:00,"Riverside Park South","Riverside Park South / Hudson River (Manhattan)","Mycelium — a solar-powered concert on Pier I blends music and nature for a unique evening on the Hudson."
14,"What's happening near the waterfront or by the river?",8,e34a20bd-d7e6-1921-5562-29fcf73e2247,"Kayaking - July 29","Running & fitness",2026-07-29,17:00,"Pier 2, Brooklyn Bridge Park","Brooklyn Bridge Park (Brooklyn)","Free public kayaking at Pier 2 — a direct on-water waterfront activity to glide in the park’s sheltered bay."
14,"What's happening near the waterfront or by the river?",9,1b5926ed-70cf-1f1e-86af-a3b535460a9d,"Waterfront Workouts: Amp'd Bootcamp","Outdoor Fitness",2026-07-29,18:00,"Brooklyn Bridge Park","Brooklyn Bridge Park (Brooklyn)","Amp'd Bootcamp on the waterfront — an energetic outdoor fitness class with East River and skyline views."
14,"What's happening near the waterfront or by the river?",10,676f2f53-c1fe-8d46-b300-a392eee1df3a,"Sunset Boat Tour: Port Infrastructure","Art & galleries",2026-07-29,18:20,"Pier 83 (Circle Line Cruises) - 12th Avenue and West 43rd Street New York, NY 10036","Hell's Kitchen / Hudson River (near Midtown West)","Sunset boat tour from Pier 83 focused on port infrastructure — a true on-water waterfront experience at sunset."
14,"What's happening near the waterfront or by the river?",11,a89838bf-dfd1-4063-304c-0b3e84aa5190,"Sunset Wednesdays 2026","Accessible Activities",2026-07-29,19:00,"Wave Hill","Riverdale / Wave Hill (Bronx)","Wave Hill’s Sunset Wednesdays (Stella Cole on July 29) — picnic and live music with dramatic Hudson River views at sunset."
14,"What's happening near the waterfront or by the river?",12,6e0bf96a-a433-b2cf-f21b-46ba4a3306d8,"Summer on the Hudson: Friday Night Jams featuring Christine Chanel","Waterfront",2026-07-31,19:00,"West Harlem Piers","West Harlem Piers (Manhattan / Harlem River)","Friday Night Jams on the West Harlem Piers — neighborhood waterfront music to kick off the evening."
15,"Find me something happening in Prospect Park or Brooklyn parks",1,301a250b-eed4-4616-bb59-ab39676e0277,"Visual Medicine: Photographs of Love + Joy in Prospect Park","Event",2026-07-26,,"Prospect Park","Prospect Park (Brooklyn)","Free outdoor photography exhibit by Jamel Shabazz on the Lefferts tollbooth — exactly in Prospect Park and runs through Aug 6."
15,"Find me something happening in Prospect Park or Brooklyn parks",2,f80f7103-8412-3c80-9873-c36a089297a0,"Sunset Volunteer Series","Volunteer",2026-07-28,17:00,"Prospect Park","Prospect Park (Brooklyn)","Sunset Volunteer Series is an evening volunteer chance in Prospect Park — aligns with your request for park activities."
15,"Find me something happening in Prospect Park or Brooklyn parks",3,ee798654-fd9e-9698-51f2-97c12705d7fd,"Brooklyn Bridge Park Conservancy Waterfront Walks","Walking",2026-07-28,18:30,"Brooklyn Bridge Park","Brooklyn Bridge Park (Pier 1), Brooklyn","Brooklyn Bridge Park waterfront walk is a free guided stroll in a major Brooklyn park — fits your Brooklyn parks preference."
15,"Find me something happening in Prospect Park or Brooklyn parks",4,bcba8349-6609-70c6-52b7-18f72938d5d7,"Nature Exploration: Lake Appreciation","Nature Programs",2026-07-30,10:00,"Prospect Park","Prospect Park (Boathouse area), Brooklyn","Nature Exploration: Lake Appreciation offers hands-on nature activities in Prospect Park — perfect for exploring Brooklyn park wildlife."
15,"Find me something happening in Prospect Park or Brooklyn parks",5,b5bbc425-550d-c332-9a69-fb5fdafd13c0,"Play Mobile: Sobelsohn Playground","Sports",2026-07-30,11:00,"Forest Park","Forest Park (Queens)","Kids-focused outdoor play session in a nearby borough park (Forest Park) if you’d like more park options beyond Prospect Park."
15,"Find me something happening in Prospect Park or Brooklyn parks",6,3a8ab712-1a7e-a8f7-0d0b-57e7337c8e43,"Prospect Park Yoga","Yoga",2026-07-30,19:00,"Prospect Park","Prospect Park (Long Meadow), Brooklyn","Prospect Park Yoga is a large, free outdoor class in Prospect Park — good if you want an active park experience."
15,"Find me something happening in Prospect Park or Brooklyn parks",7,0b326164-fc77-6291-c4cc-00a5618a40a8,"Tour: Battle of Brooklyn’s Battle Pass","Tours",2026-07-31,14:00,"Prospect Park","Prospect Park (Lefferts Historic House / Battle Pass area), Brooklyn","Battle of Brooklyn’s Battle Pass tour starts at Lefferts and explores Prospect Park history — right in the location you requested."
15,"Find me something happening in Prospect Park or Brooklyn parks",8,7c99ceb9-4f12-7d27-b2d8-e177e1bc0bd5,"BRIC Celebrate Brooklyn!","Event",2026-07-31,18:00,"Prospect Park","Prospect Park (Bandshell area), Brooklyn","BRIC Celebrate Brooklyn! is Prospect Park’s long-running free outdoor performance series — great if you want live arts in the park."
15,"Find me something happening in Prospect Park or Brooklyn parks",9,2c7730da-effb-760c-f892-c7f7ee22fbd4,"Pop-Up Audubon II","Pop-Up Audubon",2026-08-01,12:00,"Prospect Park","Prospect Park (Boathouse area), Brooklyn","Pop-Up Audubon II is a Prospect Park naturalist-led program focused on the park’s waterways — matches your Prospect Park focus."
16,"Something cultural and unique that most tourists wouldn't know about",1,301a250b-eed4-4616-bb59-ab39676e0277,"Visual Medicine: Photographs of Love + Joy in Prospect Park","Event",2026-07-26,,"Prospect Park","Prospect Park / Lefferts Manor (Brooklyn)","Jamel Shabazz’s Prospect Park photographs and the ReImagine Lefferts project explore local histories and everyday life in Brooklyn — culturally rich and not a typical tourist stop."
16,"Something cultural and unique that most tourists wouldn't know about",2,73ccac23-6a36-9477-bf0e-a516a2eee65f,"Hart Island Tour (South Island)","Urban Park Rangers",2026-07-28,10:00,"Hart Island","Hart Island / Bronx (requires ferry)","Hart Island tours reveal layered histories (cemetery, military, pandemics) and are unusually revealing about NYC’s marginalized past — a rarely seen, deeply cultural experience."
16,"Something cultural and unique that most tourists wouldn't know about",3,036ca492-8b94-9302-a529-62fbb6d1e185,"Ongoing Outdoor Museum Exhibit: Alice's Terracotta Garden","Walking",2026-07-28,11:00,"Conference House Park","Tottenville / Conference House Park (Staten Island)","Alice’s Terracotta Garden showcases historic architectural artifacts from Tottenville’s terra cotta industry — a niche, local-history exhibit few tourists encounter."
16,"Something cultural and unique that most tourists wouldn't know about",4,929a4f78-70cf-fb60-e7a5-4263dd45ec86,"Rare Tea From Unexpected Regions: Tasting With Anna Ye","Food & dining",2026-07-29,18:00,"In Pursuit of Tea Studio","Chelsea / In Pursuit of Tea Studio (Manhattan)","A rare-tea tasting from unexpected regions is culturally specific and artisan-driven — a quiet, expert-led exploration many tourists wouldn’t find."
16,"Something cultural and unique that most tourists wouldn't know about",5,0b5941e6-35bf-aec7-11a8-6599ed9d06d4,"Expert-Led Explorations: Oysters - July 30","Hiking & parks",2026-07-30,10:30,"Pier 5, Brooklyn Bridge Park","Brooklyn (Prospect Park area)","Prospect Park’s lake-focused nature exploration gives intimate natural-history context in a city setting — locally grounded and not touristy."
16,"Something cultural and unique that most tourists wouldn't know about",6,d8e74e10-db6d-b27b-52ad-9fe764c24d04,"Rooftop Films Presents: New York Non-Fiction 2026","Event",2026-07-31,19:45,"Green-Wood Cemetery","Green-Wood Cemetery (Prospect Heights / Greenwood)","Rooftop Films’ New York Non-Fiction program paired with Green-Wood’s historic cemetery setting offers offbeat, locally rooted storytelling and atmosphere."
16,"Something cultural and unique that most tourists wouldn't know about",7,33b13dc9-3ecb-79aa-80e8-ec1914076ede,"Exhibit: Long Live J’ouvert","Lefferts Historic House",2026-08-01,00:00,"Prospect Park","Prospect Park / Lefferts Manor (Brooklyn)","Long Live J’ouvert popup delves into Caribbean Carnival history and masquerade traditions rooted in Brooklyn — a deep cultural story many visitors miss."
16,"Something cultural and unique that most tourists wouldn't know about",8,4eb0caca-c205-32d9-1757-117ee32bc834,"Public Art Tour","Hiking & parks",2026-08-01,11:00,"Governors Island","Governors Island","Governors Island public art tours highlight site-specific works and lesser-known artist projects — culturally focused and off many visitors’ radars."
16,"Something cultural and unique that most tourists wouldn't know about",9,7cf23f22-b82e-c6a0-ce77-295440aec088,"Harlem Week","Live music",2026-08-01,12:00,"New York City","Harlem / various venues","Harlem Week events spotlight deep neighborhood culture, music, and history — a culturally rich series that’s authentically local."
16,"Something cultural and unique that most tourists wouldn't know about",10,0c40bb28-27f6-165d-2e06-4b92b549442d,"Bargemusic Concerts - August 1","Live music",2026-08-01,14:00,"Visitor Center at the Boathouse, Brooklyn Bridge Park","Brooklyn Bridge Park / Pier (DUMBO/Brooklyn)","Bargemusic’s intimate barge concerts offer a singular listening experience and a longstanding local cultural institution many visitors miss."
17,"What's a good way to spend a summer evening in NYC?",1,35e42701-0e60-7c96-f2ae-df55a809efdd,"Bryant Park Movie Nights","Free Summer Movies",2026-07-27,17:00,"Bryant Park","Midtown (Bryant Park)","An iconic summer-evening tradition — bring a blanket and friends to watch The Truman Show under the stars on the Bryant Park lawn."
17,"What's a good way to spend a summer evening in NYC?",2,46240cc1-8f8c-3aff-157c-2553cbb7b95b,"The Sandlot (Rooftop Cinema)","Film & cinema",2026-07-27,17:00,"Rooftop Cinema Club Midtown","Midtown (West 37th St)","A classic summer-night option: an open-air rooftop screening of The Sandlot with skyline views for a cozy, nostalgic evening."
17,"What's a good way to spend a summer evening in NYC?",3,7cc03fa6-ef47-95b3-103b-7b9a5e877c1a,"Stargazing on the High Line","Astronomy",2026-07-28,20:15,"The High Line","Meatpacking / Chelsea (High Line at 13th St)","Stargazing on the High Line is a peaceful, slightly magical way to spend a summer night — telescopes and experts let you explore the sky above the city."
17,"What's a good way to spend a summer evening in NYC?",4,1cb0c42d-f7a5-3ef3-9dde-ab757fa88e8a,"Skyline CircleSing with Gaia Music Collective - July","Live music",2026-07-29,19:00,"Pier 3 Greenway Terrace, Brooklyn Bridge Park","DUMBO / Brooklyn Bridge Park (Pier 3)","Skyline CircleSing at Brooklyn Bridge Park is a joyful, community-driven evening of singing with spectacular views — perfect summer-evening fun."
17,"What's a good way to spend a summer evening in NYC?",5,f5bb56f8-4363-9bf6-ae2d-82b1ddb01930,"Summer on the Hudson: Pier I Picture Show- The Maltese Falcon (1941)","Free Summer Movies",2026-07-29,20:30,"Riverside Park South","Upper West Side / Riverside Park South","A waterfront Pier I Picture Show (The Maltese Falcon) offers classic-movie atmosphere with skyline and river breezes — very NYC summer-evening vibes."
17,"What's a good way to spend a summer evening in NYC?",6,a83c477b-51f8-6ac6-cffd-620edb90b6a3,"Summer on the Hudson: Sunset Yoga","Yoga & Pilates Classes",2026-07-30,18:30,"Riverside Park","Upper Manhattan / Riverside Park (145th St)","A sunset yoga session on the Hudson is a calm, restorative way to enjoy a summer evening with river views and gentle exercise."
18,"I want to learn something new this weekend",1,5d90601b-7768-a1ab-8660-b929c3b26460,"Monday Morning Pitch In to Pick Up","Workshops",2026-07-27,10:00,"Starlight Park","Starlight Park / Bronx","Volunteer cleanup teaches about local ecology and pollution sources — hands-on learning about river ecosystems and conservation."
18,"I want to learn something new this weekend",2,39cb07be-3270-182f-f7d8-89392d3eef7b,"Foragers in the Foodway","Gardening",2026-07-28,10:00,"Concrete Plant Park","Concrete Plant Park / Bronx","Foragers in the Foodway is a plant identification and preservation workshop — great for learning edible/medicinal wild plants and preservation techniques."
18,"I want to learn something new this weekend",3,6b414483-0c8f-7a00-1f5c-d953ca3d8c45,"The Teach Me Something Podcast Experience","Film & cinema",2026-07-28,16:00,"Berkeley College New York City Midtown Campus","Midtown / Manhattan (Berkeley College Midtown Campus)","The Teach Me Something Podcast Experience offers learning about podcasting and audio storytelling — a practical media skills workshop."
18,"I want to learn something new this weekend",4,6cc59e2c-cfc3-1d52-34e2-5e7fb53da047,"The Bronx Museum Presents: Meet Me At The Park&#8212;Wood Carving With Artist Jill Cohen-Nu&#241;ez","Art",2026-07-29,15:00,"Joyce Kilmer Park","Joyce Kilmer Park / Bronx","Wood-carving with an artist teaches wood identification and safe carving techniques — a focused hands-on craft workshop."
18,"I want to learn something new this weekend",5,679dd576-95c7-dc37-a608-2fd3e234e385,"Expert-Led Explorations: Plankton - July 29","Hiking & parks",2026-07-29,16:00,"Pier 5, Brooklyn Bridge Park","Brooklyn Bridge Park / Brooklyn (Pier 5)","Expert-Led Explorations: Plankton is a science-focused, hands-on program where you collect and observe samples to learn about microscopic marine life."
18,"I want to learn something new this weekend",6,0b5941e6-35bf-aec7-11a8-6599ed9d06d4,"Expert-Led Explorations: Oysters - July 30","Hiking & parks",2026-07-30,10:30,"Pier 5, Brooklyn Bridge Park","Brooklyn Bridge Park / Brooklyn (Pier 5)","Expert-Led Explorations: Oysters provides hands-on learning about estuary ecology and oysters' role in water quality and habitat."
18,"I want to learn something new this weekend",7,7d25101b-9bdb-5903-aaa5-b0c572820e39,"Beginner Crochet Workshop","Workshops",2026-07-30,15:00,"Kissena Park","Kissena Park / Queens","Beginner Crochet Workshop is a hands-on skills class where you'll learn crochet basics and make beginner projects."
18,"I want to learn something new this weekend",8,313e308c-47bd-31a8-4e44-6b2cd75bcea7,"Cyanotype Workshop with Nadia","Gardening",2026-07-31,12:00,"Hunts Point Riverside Park","Hunts Point / Bronx (Hunts Point Riverside Park)","Cyanotype Workshop teaches a tangible art process (making sun-printed images) combining craft and place-based reflection."
18,"I want to learn something new this weekend",9,d4e8f62b-2f0a-7238-1a78-6cd602d66f1b,"Incense and Smoke Wand Workshop with Lashette Williams","Art",2026-08-01,11:00,"Concrete Plant Park","Concrete Plant Park / Bronx","Incense and Smoke Wand Workshop is a practical herbal arts session teaching plant uses and how to make incense from local plants."
18,"I want to learn something new this weekend",10,16ba88b1-8200-36a0-53b1-9a26f16644f6,"Turtle Quest: Explore, Observe, Protect with Lizbeth Miron","Workshops",2026-08-01,11:00,"Bronx Park","Bronx Park / Shoelace Park (Bronx)","Turtle Quest combines wildlife ID, conservation education, and community-science training using iNaturalist — excellent for learning urban ecology."
19,"Surprise me with something I probably haven't tried before",1,4e676b73-a5d3-3aec-2b1b-f1404886ca43,"P&#233;tanque in the Park","Outdoor Fitness",2026-07-27,13:00,"Washington Square Park","Washington Square / Greenwich Village (Manhattan)","Pétanque is an unfamiliar, low‑pressure French lawn‑bowling game taught by club experts—perfect if you want to try something new and social."
19,"Surprise me with something I probably haven't tried before",2,6cc59e2c-cfc3-1d52-34e2-5e7fb53da047,"The Bronx Museum Presents: Meet Me At The Park&#8212;Wood Carving With Artist Jill Cohen-Nu&#241;ez","Art",2026-07-29,15:00,"Joyce Kilmer Park","Bronx — Joyce Kilmer Park area","A supervised wood‑carving workshop with an artist teaches safe carving and wood ID — a tactile craft many people haven’t tried."
19,"Surprise me with something I probably haven't tried before",3,4fa28fa4-3be4-b56a-5561-919d71a393f1,"Circus Arts in Herald Square Park","Workshops",2026-07-29,18:00,"Herald Square","Herald Square / Midtown (Manhattan)","Circus Arts lets you try silk fan dancing, hoop tricks, contact juggling and plate spinning — lots of weird, fun skills you’ve probably never done."
19,"Surprise me with something I probably haven't tried before",4,313e308c-47bd-31a8-4e44-6b2cd75bcea7,"Cyanotype Workshop with Nadia","Gardening",2026-07-31,12:00,"Hunts Point Riverside Park","Hunts Point / Hunts Point Riverside Park (Bronx)","A cyanotype workshop teaches sunprinting (creating blue photographic prints with plants) — an unusual art process that makes keepsake prints."
20,"I just want to get out of the house and do something fun",1,9ad48c1e-d585-e3cb-98f2-556988d0b1d7,"Zumba - July 27","Running & fitness",2026-07-27,18:00,"Pier 3 Plaza, Brooklyn Bridge Park","Brooklyn (Brooklyn Bridge Park)","An upbeat, outdoor Zumba class is a great way to get moving, meet people, and shake off staying in — perfect if you want something energetic and fun."
20,"I just want to get out of the house and do something fun",2,acc56d70-3f69-4388-7377-d3e11ab3658f,"Free Movie On The Waterfront: Ferris Bueller's Day Off","Accessible Activities",2026-07-27,20:30,"Astoria Park","Queens (Astoria)","A free outdoor movie on the waterfront (Ferris Bueller) is an easy, low-effort way to get out, relax, and enjoy a community vibe under the stars."
20,"I just want to get out of the house and do something fun",3,8e9aac2c-572d-a9d7-a359-85c8ffc62628,"Fun with Fitness Circuit Training","Exercise Classes",2026-07-28,18:30,"","East Flatbush (East Flatbush Village, Inc)","Fun With Fitness Circuit Training is a friendly indoor class that’s social and energizing — ideal if you want something active but sheltered."
20,"I just want to get out of the house and do something fun",4,8dc921ed-2d27-1268-31c8-8cfc66352dac,"Disability Pride Night","Theater",2026-07-29,17:00,"Poster House","Brooklyn (Gerard P. Dugan Playground area)","Another easy evening option — a free Movies Under the Stars screening (Gabby’s Dollhouse) if you want a relaxed, feel-good outdoor night."
20,"I just want to get out of the house and do something fun",5,63334646-8d46-cdf7-84c0-0d8b2c5e6cca,"Salsa Social","Exercise Classes",2026-07-29,18:00,"Washington Square Park","Greenwich Village / NYU (Washington Square Park)","Salsa Social offers a free lesson then open dancing — high energy, social, and fun if you want to try something playful and meet others."